{"count":1,"gauges":{},"self":121.27869439999999,"total":122.278138,"children":{"AgentResetIfDone":{"count":6067,"self":0.158884,"total":0.158884,"children":null},"AgentSendState":{"count":6067,"self":0.10672699999999999,"total":0.13281099999999998,"children":{"CollectObservations":{"count":1214,"self":0.026084,"total":0.026084,"children":null}}},"DecideAction":{"count":6067,"self":0.13661199999999998,"total":0.13661199999999998,"children":null},"AcademyStep":{"count":6067,"self":0.080424,"total":0.080424,"children":null},"AgentAct":{"count":6067,"self":0.489571,"total":0.489571,"children":null}}}