{"count":1,"gauges":{},"self":224.71495679999998,"total":344.574659,"children":{"AgentResetIfDone":{"count":145867,"self":2.2697309999999997,"total":2.2697309999999997,"children":null},"AgentSendState":{"count":145867,"self":2.672144,"total":3.068618,"children":{"CollectObservations":{"count":29174,"self":0.396474,"total":0.396474,"children":null}}},"DecideAction":{"count":145867,"self":105.24799999999999,"total":106.15361899999999,"children":{"AgentInfo.ToProto":{"count":29174,"self":0.90562,"total":0.90562,"children":null}}},"AcademyStep":{"count":145867,"self":1.698127,"total":1.698127,"children":null},"AgentAct":{"count":145867,"self":6.668546,"total":6.668546,"children":null}}}