{"count":1,"gauges":{},"self":4.034594,"total":10.665564999999999,"children":{"AgentResetIfDone":{"count":2484,"self":0.037156999999999996,"total":0.037156999999999996,"children":null},"AgentSendState":{"count":2484,"self":0.041913,"total":0.048768,"children":{"CollectObservations":{"count":497,"self":0.006855,"total":0.006855,"children":null}}},"DecideAction":{"count":2484,"self":4.7510639999999995,"total":4.9454519999999995,"children":{"AgentInfo.ToProto":{"count":497,"self":0.19438799999999998,"total":0.19438799999999998,"children":null}}},"AcademyStep":{"count":2484,"self":0.027759,"total":0.027759,"children":null},"AgentAct":{"count":2484,"self":1.5706609999999999,"total":1.5706609999999999,"children":null}}}