{"count":1,"gauges":{},"self":89.1825408,"total":94.194924,"children":{"AgentResetIfDone":{"count":4673,"self":0.128513,"total":0.128513,"children":null},"AgentSendState":{"count":4673,"self":0.089409999999999989,"total":0.10883999999999999,"children":{"CollectObservations":{"count":935,"self":0.01943,"total":0.01943,"children":null}}},"DecideAction":{"count":4673,"self":0.100503,"total":0.100503,"children":null},"AcademyStep":{"count":4673,"self":0.067917999999999992,"total":0.067917999999999992,"children":null},"AgentAct":{"count":4673,"self":4.605472,"total":4.605472,"children":null}}}