{"count":1,"gauges":{},"self":6.6692519999999993,"total":14.884483999999999,"children":{"AgentResetIfDone":{"count":20051,"self":0.068716,"total":0.068716,"children":null},"AgentSendState":{"count":20051,"self":0.067871,"total":0.082545,"children":{"CollectObservations":{"count":4011,"self":0.014674,"total":0.014674,"children":null}}},"DecideAction":{"count":20051,"self":7.1132208,"total":7.189616,"children":{"AgentInfo.ToProto":{"count":4011,"self":0.076394999999999991,"total":0.076394999999999991,"children":null}}},"AcademyStep":{"count":20051,"self":0.041002,"total":0.041002,"children":null},"AgentAct":{"count":20051,"self":0.830915,"total":0.830915,"children":null}}}