{"cameraMode":{"drawMode":0,"name":"Shaded","section":"Shading Mode"},"sceneLighting":false,"audioPlay":false,"sceneViewState":{"showFog":true,"showMaterialUpdate":false,"showSkybox":true,"showFlares":true,"showImageEffects":true,"showParticleSystems":true},"in2DMode":false,"pivot":{"x":5.808512210845947,"y":-2.4873809814453127,"z":-7.386727333068848},"rotation":{"x":-0.710697591304779,"y":-0.0031657011713832618,"z":0.0031981824431568386,"w":-0.7034832239151001},"size":21.99327850341797,"orthographic":false}